Karnataka,A J Institute of Medical Sciences & Research Centre, Mangalore
Pondicherry,Aarupadai Veedu Medical College, Pondicherry
Jammu & Kashmir,Acharya Shri Chander College of Medical Sciences, Jammu
Maharashtra,ACPM Medical College, Dhule
Tamil Nadu,ACS Medical College and Hospital, Chennai
Andhra Pradesh, ACSR Government Medical College, Nellore
Punjab,Adesh Institute of Medical Sciences & Research, Bhatinda
Haryana,Adesh Medical College and Hospital, Shahabad, Kurukshetra, Haryana
Karnataka, Adichunchanagiri Institute of Medical Sciences, Bellur
Tripura,Agartala Government Medical College, Agartala
Karnataka,Akash Institute of Medical Sciences & Research Centre, Devanhalli, Bangalore, Karnataka
Haryana,Al Falah School of Medical Sciences & Research Centre, Faridabad
Karnataka,Al-Ameen Medical College, Bijapur
Kerala,Al-Azhar Medical College and Super Speciality Hospital, Thodupuzha
Punjab,All India Institute of Medical Sciences, Bhatinda
Madhya Pradesh,All India Institute of Medical Sciences, Bhopal
Orissa,All India Institute of Medical Sciences, Bhubaneswar
Telangana,All India Institute of Medical Sciences, Bibinagar
Himachal Pradesh,All India Institute of Medical Sciences, Bilaspur
Jharkhand,All India Institute of Medical Sciences, Deoghar
Uttar Pradesh,All India Institute of Medical Sciences, Gorakhpur
Assam,All India Institute of Medical Sciences, Guwahati
Rajasthan,All India Institute of Medical Sciences, Jodhpur
West Bengal,All India Institute of Medical Sciences, Kalyani, Nadia
Tamil Nadu,All India Institute of Medical Sciences, Madurai
Andhra Pradesh,All India Institute of Medical Sciences, Mangalagiri, Vijayawada
Maharashtra,All India Institute of Medical Sciences, Nagpur
Delhi,All India Institute of Medical Sciences, New Delhi
Bihar,All India Institute of Medical Sciences, Patna
Uttar Pradesh,All India Institute of Medical Sciences, Rae Bareli
Chattisgarh,All India Institute of Medical Sciences, Raipur
Gujarat,All India Institute of Medical Sciences, Rajkot
Uttarakhand,All India Institute of Medical Sciences, Rishikesh
Jammu & Kashmir,All India Institute of Medical Sciences, Vijaypur
Andhra Pradesh,Alluri Sitaram Raju Academy of Medical Sciences, Eluru
Kerala,Amala Institute of Medical Sciences, Thrissur
Madhya Pradesh,Amaltas Institute of Medical Sciences, Dewas
Rajasthan,American International Institute of Medical Sciences, Bedwas
Kerala,Amrita School of Medicine, Elamkara, Kochi
Rajasthan,Ananta Institute of Medical Sciences & Research Centre, Rajsamand
Andaman Nicobar Islands,Andaman & Nicobar Islands Institute of Medical Sciences, Port Blair
Andhra Pradesh,Andhra Medical College, Visakhapatnam
Tamil Nadu,Annapoorna Medical College & Hospital, Salem
Bihar,Anugrah Narayan Magadh Medical College, Gaya
Andhra Pradesh,Apollo Institute of Medical Sciences and Research, Chittoor
Telangana,Apollo Institute of Medical Sciences and Research, Hyderabad
Maharashtra,Armed Forces Medical College, Pune
Delhi,Army College of Medical Sciences, New Delhi
Tamil Nadu, Arunai Medical College And Hospital, Tiruvannamalai
Maharashtra,Ashwini Rural Medical College, Hospital & Research Centre, Solapur
Assam,Assam Medial College, Dibrugarh
Delhi,Atal Bihari Vajpayee Institute of Medical Sciences and Dr. RML Hospital, New Delhi
Uttar Pradesh, Autonomous State Medical College, Pratapgarh
Uttar Pradesh, Autonomous State Medical College Society, Ghazipur
Uttar Pradesh,Autonomous State Medical College Society, Etah, Uttar Pradesh
Uttar Pradesh,Autonomous State Medical College Society, Fatehpur
Uttar Pradesh,Autonomous State Medical College Society, Hardoi
Uttar Pradesh,Autonomous State Medical College, Siddharthnagar
Uttar Pradesh, Autonomous State Society Medical College, Mirzapur
Telangana,Ayaan Institute of Medical Sciences, Teaching Hospital & Research Centre, Kanaka Mamidi, R.R. Dist
Kerala,Azeezia Institute of Medical Science Meeyannoor, Kollam
Gujarat,B J Medical College, Ahmedabad
Maharashtra,B. J. Govt. Medical College, Pune
Maharashtra,B.K.L. Walawalkar Rural Medical College, Ratnagiri
Gujarat,Banas Medical College and Research Institute, Palanpur, Gujarat
Karnataka,Bangalore Medical College and Research Institute, Bangalore
West Bengal,Bankura Sammilani Medical College, Bankura
West Bengal, Barasat Government Medical College & Hospital, Kolkata 
Karnataka,Basaveswara Medical College and Hospital, Chitradurga
Karnataka,Belagavi Institute of Medical Sciences, Belagavi
Kerala,Believers Church Medical College Hospital, Thiruvalla, Kerala
Karnataka,BGS Global Institute of Medical Sciences, Bangalore
Tamil Nadu, Bhaarat Medical College & Hospital, Chennai
Maharashtra,Bharati Vidyapeeth Deemed University Medical College & Hospital, Sangli
Maharashtra,Bharati Vidyapeeth University Medical College, Pune
Maharashtra,Bharatratna Atal Bihari Vajpayee Medical College, Pune
Telangana,Bhaskar Medical College, Yenkapally
Karnataka,Bidar Institute of Medical Sciences, Bidar
Haryana,BPS Government Medical College for Women, Sonepat
Uttar Pradesh,BRD Medical College, Gorakhpur
Madhya Pradesh,Bundelkhand Medical College, Sagar
West Bengal,Burdwan Medical College, Burdwan
West Bengal,Calcutta National Medical College, Kolkata
Uttar Pradesh,Career Instt. Of Medical Sciences & Hospital, Lucknow
Telangana,Chalmeda Anand Rao Insttitute Of Medical Sciences, Karimnagar
Karnataka,Chamrajanagar Institute of Medical Sciences, Karnataka
Chattisgarh,Chandulal Chandrakar Memorial Govt. Medical College, Durg
Tamil Nadu,Chengalpattu Medical College, Chengalpattu
Tamil Nadu,Chettinad Hospital & Research Institute, Kanchipuram
Chattisgarh,Chhattisgarh Institute of Medical Sciences, Bilaspur
Karnataka, Chikkaballapura Institute of Medical Sciences, Aroor
Karnataka,Chikkamagaluru Institute of Medical Sciences, Chikkamagaluru
Punjab,Chintpurni Medical College, Pathankot, Gurdaspur
Madhya Pradesh,Chirayu Medical College and Hospital, Bairagarh, Bhopal
Punjab,Christian Medical College, Ludhiana
Tamil Nadu,Christian Medical College, Vellore
Tamil Nadu,Coimbatore Medical College, Coimbatore
West Bengal,College of Medicine and JNM Hospital Kalyani, Nadia
West Bengal,College of Medicine and Sagore Dutta Hospital, Kolkata
West Bengal,Coochbehar Government Medical College & Hospital, Coochbehar, WB
Gujarat,CU Shah Medical College, Surendra Nagar
Bihar,Darbhanga Medical College, Lehriasarai
Maharashtra,Datta Meghe Medical College, Nagpur
Punjab,Dayanand Medical College & Hospital, Ludhiana
Telangana,Deccan College of Medical Sciences, Hyderabad
Tamil Nadu,Dhanalakshmi Srinivasan Medical College and Hospital, Perambalur
Assam,Dhubri Medical College, Dhubri
West Bengal,Diamond Harbour Government Medical College and Hospital, West Bengal
Assam,Diphu Medical College & Hospital, Diphu, Assam
Uttarakhand,Doon Medical College, Dehradun, Uttarakhand
Punjab,Dr B R Ambedkar State Institute of Medical Sciences, SAS Nagar , Mohali
Karnataka,Dr BR Ambedkar Medical College, Bangalore
Rajasthan, Dr S S Tantia Medical College Hospital & Research Centre, Sri Ganganagar
Rajasthan,Dr SN Medical College, Jodhpur
Maharashtra,Dr Vaishampayan Memorial Medical College, Solapur
Delhi,Dr. Baba Saheb Ambedkar Medical College, Rohini, Delhi
Karnataka,Dr. Chandramma Dayananda Sagar Instt. of Medical Education & Research, Harohalli, Hubli
Maharashtra,Dr. D Y Patil Medical College, Hospital and Research Centre, Pimpri, Pune
Maharashtra,Dr. D Y Patil Medical College, Kolhapur
Gujarat,Dr. M.K. Shah Medical College & Research Centre, Ahmedabad
Kerala,Dr. Moopen s Medical College, Wayanad, Kerala
Maharashtra, Dr. N Y Tasgaonkar Institute of Medical Science, Diksal
Gujarat,Dr. N.D. Desai Faculty of Medical Science and Research, Nadiad
Andhra Pradesh,Dr. P.S.I. Medical College , Chinoutpalli
Maharashtra,Dr. Panjabrao Alias Bhausaheb Deshmukh Memorial Medical College, Amravati
Telangana,Dr. Patnam Mahender Reddy Institute of Medical Sciences, Chevella, Rangareddy
Himachal Pradesh,Dr. Radhakrishnan Government Medical College, Hamirpur, H.P
Himachal Pradesh,Dr. Rajendar Prasad Government Medical College, Tanda, H.P
Uttar Pradesh,Dr. Ram Manohar Lohia Institute of Medical Sciences, Lucknow
Maharashtra,Dr. Shankarrao Chavan Govt. Medical College, Nanded
Kerala,Dr. Somervel Memorial CSI Hospital & Medical College, Karakonam, Thiruvananthapuram
Maharashtra,Dr. Ulhas Patil Medical College & Hospital, Jalgaon
Maharashtra,Dr. Vithalrao Vikhe Patil Foundations Medical College & Hospital, Ahmednagar
Telangana,Dr. VRK Womens Medical College, Aziznagar
Gujarat, Dr.Kiran C.Patel Medical College and Research Institute, Bharuch
Maharashtra,Dr.Vasantrao Pawar Med. Col. Hosp. & Research Centre, Nasik (Prev. NDMVP Samaj Medical College)
Jharkhand,Dumka Medical College, Dighi Dumka
Karnataka,East Point College of Medical Sciences & Research Centre, Bangalore
Telangana,Employees State Insurance Coporation Medical College, Sanath Nagar, Hyderabad
Karnataka,Employees State Insurance Corporation Medical College, Bangalore
Haryana,Employees State Insurance Corporation Medical College, Faridabad
Karnataka,Employees State Insurance Corporation Medical College, Gulbarga
West Bengal,Employees State Insurance Corporation Medical College, Joka, Kolkata
Rajasthan,Employees State Insurance Corporation Medical College, Alwar
Bihar,Employees State Insurance Corporation Medical College, Patna
Uttar Pradesh,Era Lucknow Medical College , Lucknow
Tamil Nadu,ESIC Medical College & PGIMSR, K.K Nagar, Chennai
Uttar Pradesh,F.H. Medical College & Hospital, Etamdapur, Agra
Tamil Nadu,Faculty of Medicine , Sri Lalithambigai Medical College and Hospital
Haryana,Faculty of Medicine and Health Sciences, Gurgaon (Formarly SGGST Medical College & R Centre, Gurgaon)
Assam,Fakhruddin Ali Ahmed Medical College, Barpeta, Assam
Karnataka,Father Mullers Medical College, Mangalore
Andhra Pradesh,Fathima Instt. of Medical Sciences, Kadapa
Karnataka, G R Medical College Hospital & Research Centre, Neermarga Proper
Uttar Pradesh,G.S. Medical College & Hospital, Hapur, UP
Karnataka,Gadag Institute of Medical Sciences, Mallasamudra, Mulgund Road, Gadag
Madhya Pradesh,Gajra Raja Medical College, Gwalior
Madhya Pradesh,Gandhi Medical College, Bhopal
Telangana,Gandhi Medical College, Secunderabad
Assam,Gauhati Medical College, Guwahati
Uttarakhand,Gautam Buddha Chikitsa Mahavidyalaya, Dehradum
Andhra Pradesh,Gayathri Vidya Parishad Institute of Health Care & Medical Technology, Visakhapatnam
Gujarat,GCS Medical College, Ahmedabad
Rajasthan,Geetanjali Medical College & Hospital, Udaipur
Punjab,Gian Sagar Medical College & Hospital, Patiala
Andhra Pradesh,GITAM Institute of Medical Sciences and Research, Visakhapatnam
Gujarat,GMERS Medical College, Dharpur Patan
Gujarat,GMERS Medical College, Gandhinagar
Gujarat,GMERS Medical College, Gotri, Vadodara
Gujarat,GMERS Medical College, Hadiyol, Himmatnagar
Gujarat,GMERS Medical College, Junagadh
Gujarat,GMERS Medical College, Navsari
Gujarat,GMERS Medical College, Rajpipla
Gujarat,GMERS Medical College, Sola, Ahmedabad
Gujarat,GMERS Medical College, Vadnagar, Mehsana
Gujarat,GMERS Medical College, Valsad
Goa,Goa Medical College, Panaji
West Bengal,Gouri Devi Institute of Medical Sciences and Hospital, Durgapur
Uttar Pradesh,Government Allopathic Medical College, Banda, UP
Tamil Nadu,Government Dharmapuri Medical College, Dharmapuri
Tamil Nadu,Government Erode Medical College & Hospital, Perundurai (Formerly IRT Perundurai Medical College)
Uttar Pradesh,Government Institute of Medical Sciences, Kasna, Greater Noida
Maharashtra,Government Medical College, Satara
Tamil Nadu,Government Medical College, Tiruppur
Chattisgarh,Government Medical College (Bharat Ratna Shri Atal Bihari Vajpyee Memorial Med. Col.), Rajnandgaon
Kerala,Government Medical College (Institute of Integrated Medical Sciences), Yakkara, Palakkad
Uttarakhand,Government Medical College (Prev.Uttarakhand Forest Hospital Trust Med.Col.), Haldwani
Tamil Nadu,Government Medical College & ESIC Hospital, Coimbatore, Tamil Nadu.
Orissa,Government Medical College & Hospital (Renamed as Bhima Bhoi Medical College & Hospital), Balangir
Orissa,Government Medical College & Hospital (Renamed as Fakir Mohan Medical College & Hospital), Balasore
Maharashtra,Government Medical College & Hospital, Baramati
Uttar Pradesh,Government Medical College & Super facility Hospital, Azamgarh
Tamil Nadu, Government Medical College, Kallakurichi
Tamil Nadu, Government Medical College, Krishnagiri
Tamil Nadu, Government Medical College, Nagapattinam
Tamil Nadu, Government Medical College, Ramanathapuram
Maharashtra,Government Medical College, Akola
Maharashtra,Government Medical College, Alibag
Punjab,Government Medical College, Amritsar
Andhra Pradesh,Government Medical College, Ananthapuram
Jammu & Kashmir,Government Medical College, Anantnag
Maharashtra,Government Medical College, Aurangabad
Uttar Pradesh,Government Medical College, Badaun, U.P.
Jammu & Kashmir,Government Medical College, Baramulla
Rajasthan,Government Medical College, Barmer
Bihar,Government Medical College, Bettiah
Telangana,Government Medical College, Bhadradri Kothagudem
Rajasthan,Government Medical College, Bharatpur, Rajasthan
Gujarat,Government Medical College, Bhavnagar
Rajasthan,Government Medical College, Bhilwara, Rajasthan
Chandigarh,Government Medical College, Chandigarh
Maharashtra,Government Medical College, Chandrapur
Madhya Pradesh,Government Medical College, Chhindwara, MP
Rajasthan,Government Medical College, Chittorgarh
Manipur,Government Medical College, Churachandpur
Rajasthan,Government Medical College, Churu
Madhya Pradesh,Government Medical College, Datia, MP
Rajasthan,Government Medical College, Dholpur
Rajasthan,Government Medical College, Dungarpur
Kerala,Government Medical College, Ernakulam
Uttar Pradesh,Government Medical College, Faizabad
Uttar Pradesh,Government Medical College, Firozabad
Maharashtra,Government Medical College, Gondia
Kerala,Government Medical College, Idukki.
Telangana,Government Medical College, Jagtial
Maharashtra,Government Medical College, Jalgaon
Jammu & Kashmir,Government Medical College, Jammu
Chattisgarh,Government Medical College, Kanker
Uttar Pradesh,Government Medical College, Kannauj
Tamil Nadu,Government Medical College, Karur
Jammu & Kashmir,Government Medical College, Kathua
Orissa,Government Medical College, Keonjhar,
Madhya Pradesh,Government Medical College, Khandwa, MP
Kerala,Government Medical College, Konni
Chattisgarh,Government Medical College, Korba
Rajasthan,Government Medical College, Kota
Kerala,Government Medical College, Kottayam
Kerala,Government Medical College, Kozhikode, Calicut
Maharashtra,Government Medical College, Latur
Telangana,Government Medical College, Mahabubabad
Telangana,Government Medical College, Mahabubnagar
Chattisgarh,Government Medical College, Mahasamund
Telangana,Government Medical College, Mancherial
Kerala,Government Medical College, Manjeri, Malapuram Dist.
Maharashtra,Government Medical College, Miraj
Gujarat,Government Medical College, Morbi
Telangana,Government Medical College, Nagarkurnool
Maharashtra,Government Medical College, Nagpur
Himachal Pradesh,Government Medical College, Nahan, Sirmour H.P.
Telangana,Government Medical College, Nalgonda
Tamil Nadu,Government Medical College, Namakkal
Maharashtra,Government Medical College, Nandurbar
Telangana,Government Medical College, Nizamabad
Tamil Nadu,Government Medical College, Omandurar
Maharashtra,Government Medical College, Osmanabad
Rajasthan,Government Medical College, Pali, Rajasthan
Gujarat,Government Medical College, Panchmahal Godhra
Kerala,Government Medical College, Parippally, Kollam
Punjab,Government Medical College, Patiala
Gujarat,Government Medical College, Porbandar
Tamil Nadu,Government Medical College, Pudukottai, Tamil Nadu
Jammu & Kashmir,Government Medical College, Rajouri, J&K
Telangana,Government Medical College, Ramagundam
Uttar Pradesh,Government Medical College, Rampur, Basti
Madhya Pradesh,Government Medical College, Ratlam
Telangana,Government Medical College, Sangareddy
Madhya Pradesh,Government Medical College, Shahdol, MP
Uttar Pradesh,Government Medical College, Shahjahanpur, UP
Madhya Pradesh,Government Medical College, Shivpuri, MP
Telangana,Government Medical College, Siddipet
Maharashtra,Government Medical College, Sindhudurg
Rajasthan,Government Medical College, Sirohi
Rajasthan,Government Medical College, Sri Ganganagar
Jammu & Kashmir,Government Medical College, Srinagar
Orissa,Government Medical College, Sundargarh
Gujarat,Government Medical College, Surat
Telangana,Government Medical College, Suryapet
Tamil Nadu,Government Medical College, The Nilgiris
Tamil Nadu,Government Medical College, Thiruvallur
Kerala,Government Medical College, Thrissur
Madhya Pradesh,Government Medical College, Vidisha, MP
Tamil Nadu,Government Medical College, Virudhunagar
Telangana,Government Medical College, Wanaparthy
Tamil Nadu,Government Medical College, Ariyalur
Tamil Nadu,Government Medical College, Dindigul
Andhra Pradesh,Government Siddhartha Medical College, Vijaywada
Tamil Nadu,Government Sivagangai Medical College, Sivaganga
Tamil Nadu,Government Thiruvannamalai Medical College, Thiruvannamalai
Tamil Nadu,Government Vellore Medical College, Vellore
Tamil Nadu,Government Villupuram Medical College, Villupuram
Jammu & Kashmir,Govt. Medical College, Doda, Kashmir
West Bengal,Govt. Medical College, Kolkata
Kerala,Govt. Medical College Pariyaram, Kannur (Prev. Known as Academy of Medical Sciences)
Tamil Nadu,Govt. Mohan Kumaramangalam Medical College, Salem- 30
Maharashtra,Grant Medical College, Mumbai
Andhra Pradesh,Great Eastern Medical School and Hospital, Srikakulam
Andhra Pradesh,GSL Medical College, Rajahmundry
Uttar Pradesh,GSVM Medical College, Kanpur
Gujarat,Gujarat Adani Institute of Medical Sciences, Bhuj
Karnataka,Gulbarga Institute of Medical Sciences, Gulbarga
Andhra Pradesh,Guntur Medical College, Guntur
Punjab,Guru Govind Singh Medical College, Faridkot
Maharashtra,H.B.T. Medical College & Dr. R.N. Cooper Municipal General Hospital, Juhu, Mumbai
Delhi,Hamdard Institute of Medical Sciences & Research, New Delhi
Karnataka,Hassan Institute of Medical Sciences, Hassan
Karnataka,Haveri Institute of Medical Sciences, Haveri
Jharkhand,Hazaribagh Medical College, Hazaribagh
Uttar Pradesh,Heritage Institute of Medical Sciences, Varanasi
Orissa,Hi-Tech Medical College & Hospital, Bhubaneswar
Orissa,Hi-Tech Medical College & Hospital, Rourkela
Uttarakhand,Himalayan Institute of Medical Sciences, Dehradun
Uttar Pradesh,Hind Institute of Medical Sciences , Barabanki
Uttar Pradesh,Hind Institute of Medical Sciences, Sitapur
West Bengal,ICARE Institute of Medical Sciences & Research, Haldia, Purba Midanpore
Madhya Pradesh,Index Medical College Hospital & Research Centre, Indore
Maharashtra,Indian Institute of Medical Science & Research, Jalna
Bihar,Indira Gandhi Institute of Medical Sciences, Sheikhpura, Patna
Maharashtra,Indira Gandhi Medical College & Hospital, Nagpur
Pondicherry,Indira Gandhi Medical College & Research Institute, Puducherry
Himachal Pradesh,Indira Gandhi Medical College, Shimla
Tamil Nadu,Indira Medical College & Hospitals, Thiruvallur
Uttar Pradesh,Institute of Medical Sciences, BHU, Varansi
West Bengal,Institute of Postgraduate Medical Education & Research, Kolkata
Orissa,Instt. Of Medical Sciences & SUM Hospital, Bhubaneswar
Uttar Pradesh,Integral Institute of Medical Sciences & Research, Lucknow
West Bengal,IQ-City Medical College, Burdwan
Karnataka, Jagadguru Gangadhar Mahaswamigalu Moorusavirmath Medical College JGMMMC, Hubballi
West Bengal,Jagannath Gupta Institute of Medical Sciences & Hospital, Kolkata
Rajasthan,Jaipur National University Institute of Medical Sciences and Resarch Centre, Jagatpura, Jaipur
West Bengal, Jalpaiguri Government Medical College, Jalpaiguri
Bihar,Jannayak Karpoori Thakur Medical College & Hospital, Madhepura, Bihar
Pondicherry,Jawaharlal Institute of Postgraduate Medical Education & Research, Puducherry
Manipur,Jawaharlal Nehru Institute of Medical Sciences, Porompet, Imphal
Rajasthan,Jawaharlal Nehru Medical College, Ajmer
Uttar Pradesh,Jawaharlal Nehru Medical College, Aligarh
Karnataka,Jawaharlal Nehru Medical College, Belgaum
Bihar,Jawaharlal Nehru Medical College, Bhagalpur
Maharashtra,Jawaharlal Nehru Medical College, Sawangi (Meghe), Wardha
Rajasthan,Jhalawar Medical College, Jhalawar
Karnataka,JJM Medical College, Davangere
Assam,Jorhat Medical College & Hospital , Jorhat
Karnataka,JSS Medical College, Mysore
Kerala,Jubilee Mission Medical College & Research Institute, Thrissur
Tamil Nadu,K A P Viswanathan Government Medical College, Trichy
Karnataka,K S Hegde Medical Academy, Mangalore
Karnataka,K V G Medical College, Sullia
Uttar Pradesh,K.D. Medical College Hospital & Research Centre, Mathura
Telangana,Kakatiya Medical College, Warangal
Orissa,Kalinga Institute of Medical Sciences, Bhubaneswar
Haryana,Kalpana Chawala Govt. Medical College, Karnal, Haryana
Telangana,Kamineni Academy of Medical Sciences & Research Center, Hyderabad
Telangana,Kamineni Institute of Medical Sciences, Narketpally
Karnataka,Kanachur Institute of Medical Sciences, Mangalore
Kerala,Kannur Medical College, Kannur
Tamil Nadu,KanyaKumari Government Medical College, Asaripallam
Karnataka,Karnataka Institute of Medical Sciences, Hubballi
Tamil Nadu,Karpaga Vinayaga Institute of Medical Sciences, Maduranthagam
Tamil Nadu,Karpagam Faculty of Medical Sciences & Research, Coimbatore
Kerala,Karuna Medical College, Palakkad
Karnataka,Karwar Institute of Medical Sciences, Karwar
Karnataka,Kasturba Medical College, Mangalore
Karnataka,Kasturba Medical College, Manipal
Bihar,Katihar Medical College, Katihar
Andhra Pradesh,Katuri Medical College, Guntur
Karnataka,Kempegowda Institute of Medical Sciences, Bangalore
Karnataka,Khaja Bandanawaz University - Faculty of Medical Sciences, Gulbarga
Tamil Nadu,Kilpauk Medical College, Chennai
Uttar Pradesh,King George Medical University, Lucknow
Maharashtra,KJ Somaiyya Medical College & Research Centre, Mumbai
Tamil Nadu,KMCH Institute of Health Sciences and Research, Coimbatore
Kerala,KMCT Medical College, Kozhikode, Calicut
Karnataka,Kodagu Institute of Medical Sciences, Kodagu
Andhra Pradesh,Konaseema Institute of Medical Sciences & Research Foundation, Amalapuram
Karnataka,Koppal Institute of Medical Sciences, Koppal
West Bengal,KPC Medical College, Jadavpur, Kolkata
Maharashtra,Krishna Institute of Medical Sciences, Karad
Uttar Pradesh,Krishna Mohan Medical College & Hospital, Mathura
Andhra Pradesh,Kurnool Medical College, Kurnool
Madhya Pradesh,L.N. Medical College and Research Centre, Bhopal
Delhi,Lady Hardinge Medical College, New Delhi
Assam, Lakhimpur Medical College, Lakhimpur
Chattisgarh,Late Shri Baliram Kashyap Memorial NDMC Govt. Medical College, Jagdalpur
Chattisgarh,Late Shri Lakhi Ram Agrawal Memorial Govt. Medical College, Raigarh
Jharkhand, Laxmi Chandravansi Medical College & Hospital, Garhwa 
Uttar Pradesh,LLRM Medical College, Meerut
Madhya Pradesh,LNCT Medical College & Sewakunj Hospital, Indore
Maharashtra,Lokmanya Tilak Municipal Medical College, Sion, Mumbai
Bihar,Lord Buddha Koshi Medical College and Hospital, Saharsa
Kerala,M E S Medical College , Perintalmanna Malappuram Distt.Kerala
Madhya Pradesh,M G M Medical College, Indore
Jharkhand,M G M Medical College, Jamshedpur
Karnataka,M S Ramaiah Medical College, Bangalore
Tamil Nadu,Madha Medical College and Hospital, Thandalam, Chennai
Bihar,Madhubani Medical College, Madhubani
Tamil Nadu,Madras Medical College, Chennai
Tamil Nadu,Madurai Medical College, Madurai
Karnataka,Mahadevappa Rampure Medical College, Kalaburagi, Gulbarga
Uttar Pradesh,Mahamaya Rajkiya Allopathic Medical College, Ambedkarnagar
Haryana,Maharaja Agrasen Medical College, Agroha
Andhra Pradesh,Maharajah Institute of Medical Sciences, Vizianagaram
Uttar Pradesh,Maharani Laxmi Bai Medical College, Jhansi
Maharashtra,Maharashtra Institute of Medical Sciences & Research, Latur
Maharashtra,Maharashtra Institute of Medical Education & Research, TalegaonPune
Haryana,Maharishi Markandeshwar Institute Of Medical Sciences & Research, Mullana, Ambala
Himachal Pradesh,Maharishi Markandeshwar Medical College & Hospital, Solan
Uttar Pradesh,Maharshi Devraha Baba Autonomous State Medical College, Deoria
Maharashtra,Mahatma Gandhi Institute of Medical Sciences, Sevagram, Wardha
Pondicherry,Mahatma Gandhi Medical College & Research Institute, Pondicherry
Rajasthan,Mahatma Gandhi Medical College and Hospital, Sitapur, Jaipur
Maharashtra,Mahatma Gandhi Missions Medical College, Aurangabad
Maharashtra,Mahatma Gandhi Missions Medical College, Navi Mumbai
Madhya Pradesh,Mahaveer Institute of Medical Sciences & Research, Bhopal
Telangana,Mahavir Institute of Medical Sciences, Vikarabad, Telengana
Telangana,Maheshwara Medical College, Chitkul, Patancheru, Medak
Uttar Pradesh,Major S D Singh Medical College and Hospital, Fathehgarh, Farrukhabad
Kerala,Malabar Medical College, Kozhikode, Calicut
Kerala,Malankara Orthodox Syrian Church Medical College, Kolenchery
West Bengal,Malda Medical College & Hospital, Malda
Telangana,Malla Reddy Institute of Medical Sciences, Hyderabad
Telangana,Mallareddy Medical College for Women, Hyderabad
Telangana,Mamata Academy of Medical Sciences, Bachupally
Telangana,Mamata Medical College, Khammam
Karnataka,Mandya Institute of Medical Sciences, Mandya
Jharkhand,Manipal Tata Medical College, Baridih Jameshedpur
Bihar,Mata Gujri Memorial Medical College, Kishanganj
Delhi,Maulana Azad Medical College, New Delhi
Uttar Pradesh,Mayo Institute of Medical Sciences, Barabanki
Gujarat,Medical College, Baroda
Kerala,Medical College, Thiruvananthapuram
Telangana,Mediciti Institute Of Medical Sciences, Ghanpur
Tamil Nadu,Meenakshi Medical College and Research Institute, Enathur
Tamil Nadu, Melmaruvathur Adiparasakthi Instt. Medical Sciences and Research, Kancheepuram 
West Bengal,Midnapore Medical College, Midnapore
Orissa,MKCG Medical College, Berhampur
Telangana,MNR Medical College & Hospital, Sangareddy
Uttar Pradesh,Moti Lal Nehru Medical College, Allahabad
Kerala,Mount Zion Medical College, Chayalode, Ezhamkulam Adoor, Pathanamthitta
Gujarat,MP Shah Medical College, Jamnagar
West Bengal,Murshidabad Medical College & Hospitals, Murshidabad
Uttar Pradesh,Muzaffarnagar Medical College, Muzaffarnagar
Karnataka,MVJ Medical College and Research Hospital, Bangalore
Karnataka,Mysore Medical College and Research Instt. (Prev.name Government Medical College), Mysore
Maharashtra,N. K. P. Salve Instt. of Medical Sciences and Research Centre and Lata Mangeshkar Hospital, Nagpur
Haryana,N.C. Medical College & Hospital, Panipat
Bihar,Nalanda Medical College, Patna
Dadra and Nagar Haveli,NAMO Medical Education and Research Institute, Silvassa
Uttar Pradesh, Naraina Medical College & Research Centre, Kanpur
Bihar,Narayan Medical College & Hospital, Sasaram
Andhra Pradesh,Narayana Medical College, Nellore
Gujarat,Narendra Modi Medical College, Ahmedabad.
Uttar Pradesh,National Capital Region Institute of Medical Sciences, Meerut
Rajasthan,National Institute of Medical Science & Research, Jaipur
Karnataka,Navodaya Medical College, Raichur
Bihar,Netaji Subhas Medical College & Hospital, Amhara, Bihta, Patna
Madhya Pradesh,Netaji Subhash Chandra Bose Medical College, Jabalpur
West Bengal,Nilratan Sircar Medical College, Kolkata
Andhra Pradesh,Nimra Institute of Medical Sciences, Krishna Dist., A.P.
Uttar Pradesh, Noida International Institute Of Medical Sciences, Noida
Gujarat,Nootan Medical College and Research Centre, Mehsana
West Bengal,North Bengal Medical College, Darjeeling
Delhi,North Delhi Muncipal Corporation Medical College, Delhi
Meghalaya,North Eastern Indira Gandhi Regional Instt. of Health and Medical Sciences, Shillong
Andhra Pradesh,NRI Institute of Medical Sciences, Visakhapatnam
Andhra Pradesh,NRI Medical College, Guntur
Telangana,Osmania Medical College, Hyderabad
Andhra Pradesh,P E S Institute Of Medical Sciences and Research, Kuppam
Kerala,P K Das Institute of Medical Sciences, Palakkad, Kerala
Rajasthan,Pacific Institute of Medical Sciences, Umarda, Udaipur
Rajasthan,Pacific Medical College & Hospital, Bhilo Ka Bedla, Udaipur
Maharashtra,Padmashree Dr. D.Y.Patil Medical College, Navi Mumbai
Jharkhand,Palamu Medical College, Palamu
Gujarat,Pandit Deendayal Upadhyay Medical College, Rajkot
Tamil Nadu,Panimalar Medical College Hospital & Research Institute, Chennai, Tamil Nadu
Gujarat,Parul Institute of Medical Sciences & Research, Vadodara
Bihar,Patna Medical College, Patna
Madhya Pradesh,Peoples College of Medical Sciences & Research Centre, Bhanpur, Bhopal
West Bengal, Prafulla Chandra Sen Government Medical College & Hospital, Hooghly
Maharashtra,Prakash Institute of Medical Sciences & Research, Sangli
Gujarat,Pramukhswami Medical College, Karmsad
Uttar Pradesh,Prasad Institute of Medical Sciences, Lucknow
Telangana,Prathima Institute Of Medical Sciences, Karimnagar
Tamil Nadu,PSG Institute of Medical Sciences, Coimbatore
Haryana,Pt. B D Sharma Postgraduate Institute of Medical Sciences, Rohtak (Haryana)
Chattisgarh,Pt. J N M Medical College, Raipur
Himachal Pradesh,Pt. Jawahar Lal Nehru Government Medical College, Chamba
Orissa,Pt. Raghunath Murmu Medical College and Hospital, Baripada, Odisha
Pondicherry,Puducherry Institute of Medical Sciences & Research, Pondicherry
Punjab,Punjab Institute of Medical Sciences, Jalandhar
West Bengal, Purulia Government Medical College & Hospital, Hatuara
Kerala,Pushpagiri Institute Of Medical Sciences and Research Centre, Tiruvalla
Rajasthan,R N T Medical College, Udaipur
Telangana,R.V.M. Institute of Medical Sciences and Research Centre, Siddipet
Bihar, Radha Devi Jageshwari Memorial Medical College and Hospital, Muzaffarpur
Karnataka,Raichur Institute of Medical Sciences, Raichur
West Bengal,Raiganj Government Medical College & Hospital, Raiganj
Chattisgarh,Raipur Institute of Medical Sciences (RIMS), Raipur
Tamil Nadu,Rajah Muthiah Medical College, Annamalainagar
Karnataka,Rajarajeswari Medical College & Hospital, Bangalore
Maharashtra,Rajashree Chatrapati Shahu Maharaj Government Medical College, Kolhapur
Jharkhand,Rajendra Institute of Medical Sciences, Ranchi
Telangana,Rajiv Gandhi Institute of Medical Sciences, adilabad
Andhra Pradesh,Rajiv Gandhi Institute of Medical Sciences, Kadapa
Andhra Pradesh,Rajiv Gandhi Institute of Medical Sciences, Srikakulam
Andhra Pradesh,Rajiv Gandhi Institute of Medical Sciences, Ongole, AP
Maharashtra,Rajiv Gandhi Medical College and Chhatrapati Shivaji Maharaj Hospital, Thane
Uttar Pradesh,Rajkiya Allopathic Medical College, Bahraich, UP
Uttar Pradesh,Rajkiya Medical College Jalaun, Orai, Uttar Pradesh
Chattisgarh,Rajmata Shrimati Devendra kumari Singhdeo Government Medical College, Surguja ( C.G.)
Uttar Pradesh,Rajshree Medical Research Institute, Bareilly
Uttar Pradesh,Rama Medical College and Hospital , Kanpur
Uttar Pradesh,Rama Medical College Hospital and Research Centre, Hapur
West Bengal,Rampurhat Government Medical College & Hospital, Rampurhat
Andhra Pradesh,Rangaraya Medical College, Kakinada
Manipur,Regional Institute of Medical Sciences, Imphal
West Bengal,RG Kar Medical College, Kolkata
Madhya Pradesh,RKDF Medical College Hospital & Research Centre, Jatkhedi, Bhopal
Uttar Pradesh,Rohilkhand Medical College & Hospital, Bareilly
Rajasthan,RUHS College of Medical Sciences, Jaipur
Maharashtra,Rural Medical College, Loni
Madhya Pradesh,Ruxmaniben Deepchand Gardi Medical College, Ujjain
Uttar Pradesh,S N Medical College, Agra
Karnataka,S S Institute of Medical Sciences& Research Centre, Davangere
Andhra Pradesh,S V Medical College, Tirupati
Telangana,S V S Medical College, Mehboobnagar
Karnataka,S. Nijalingappa Medical College & HSK Hospital & Research Centre, Bagalkot
Orissa,Saheed Laxman Nayak Medical College & Hospital, Koraput
Karnataka,Sambharam Institute of Medical Sciences & Research, Kolar
Andhra Pradesh,Santhiram Medical College, Nandyal
West Bengal,Santiniketan Medical College, Bolpur, West Bengal
Uttar Pradesh,Santosh Medical College, Ghaziabad
Karnataka,Sapthagiri Institute of Medical Sciences & Research Centre, Bangalore
Uttar Pradesh,Saraswati Institute of Medical Sciences, Hapur
Uttar Pradesh,Saraswati Medical College, Unnao, U.P.
West Bengal, Sarat Chandra Chattopadhyay Government Medical College & Hospital, Howrah
Rajasthan,Sardar Patel Medical College, Bikaner
Tamil Nadu,Saveetha Medical College and Hospital, Kanchipuram
Gujarat,SBKS Medical Instt. & Research Centre, Vadodra
Orissa,SCB Medical College, Cuttack
Uttar Pradesh,School of Medical Sciences & Research, Greater Noida
Karnataka,SDM College of Medical Sciences & Hospital, Sattur, Dharwad
Maharashtra,Seth GS Medical College, and KEM Hospital, Mumbai
Telangana,Shadan Institute of Medical Sciences, Research Centre and Teaching Hospital, Peerancheru
Jharkhand,Shahed Nirmal Mahto Medical College & Hospital, Dhanbad
Haryana,Shaheed Hasan Khan Mewati Government Medical College, Nalhar
Uttar Pradesh,Shaikh-UL-Hind Maulana Mahmood Hasan Medical College, Saharanpur
Gujarat,Shantabaa Medical College, Amreli
Jammu & Kashmir,Sher-I-Kashmir Instt. Of Medical Sciences, Srinagar
Manipur, Shija Academy of Health Sciences, Imphal 
Karnataka,Shimoga Institute of Medical Sciences, Shimoga
Bihar, Shree Narayan Medical Institute and Hospital, Bherdari
Haryana,Shri Atal Bihari Vajpayee Government Medical College, Faridabad
Karnataka, Shri Atal Bihari Vajpayee Medical College & Research Institute, Bangalore
Karnataka,Shri B M Patil Medical College, Hospital & Research Centre, Vijayapura(Bijapur
Chattisgarh, Shri Balaji Institute of Medical Science, Raipur
Uttarakhand,Shri Guru Ram Rai Institute of Medical & Health Sciences, Dehradun
Rajasthan,Shri Kalyan Govt. Medical College, Sikar, Rajasthan
Bihar,Shri Krishna Medical College, Muzzafarpur
Himachal Pradesh,Shri Lal Bahadur Shastri Government Medical College, Mandi, HP
Uttar Pradesh,Shri Ram Murti Smarak Institute of Medical Sciences, Bareilly
West Bengal,Shri Ramkrishna Institute of Medical Sciences & Sanaka Hospitals, Durgapur
Tamil Nadu,Shri Sathya Sai Medical College and Research Institute, Kancheepuram
Chattisgarh,Shri Shankaracharya Institute of Medical Sciences, Bhilai
Maharashtra,Shri Vasant Rao Naik Govt. Medical College, Yavatmal
Karnataka,Shridevi Institute of Medical Sciences & Research Hospital, Tumkur
Madhya Pradesh,Shyam Shah Medical College, Rewa
Karnataka,Siddaganga Medical College and Research Institute, Tumakuru
Sikkim,Sikkim Manipal Institute of Medical Sciences, Gangtok
Assam,Silchar Medical College, Silchar
Maharashtra,Sindhudurg Shikshan Prasarak Mandal (SSPM) Medical College & Lifetime Hospital, Padave, Sindhudurg
Maharashtra,SMBT Institute of Medical Sciences & Research Centre, Nandihills, Nashik
Rajasthan,SMS Medical College, Jaipur
Maharashtra,Smt. Kashibai Navale Medical College and General Hospital, Pune
Gujarat,Smt. N.H.L.Municipal Medical College, Ahmedabad
Uttarakhand,Soban Singh Jeena Government Institute of Medical Science & Research, Almora
Tamil Nadu,Sree Balaji Medical College and Hospital, Chennai
Kerala,Sree Gokulam Medical College Trust & Research Foundation, Trivandrum
Tamil Nadu,Sree Mookambika Institute of Medical Sciences, Kanyakumari
Kerala,Sree Narayana Instt. of Medical Sciences, Chalakka, Ernakulam
Kerala,Sree Uthradom Thiurnal Academy of Medical Sciences, Trivandrum
Madhya Pradesh,Sri Aurobindo Medical College and Post Graduate Institute , Indore
Andhra Pradesh,Sri Balaji Medical College, Hospital and Research Institute, Chittoor
Maharashtra,Sri Bhausaheb Hire Government Medical College, Dhule
Karnataka,Sri Devaraj URS Medical College, Kolar
Punjab,Sri Guru Ram Das Institute of Medical Sciences and Research, Sri Amritsar
Orissa,Sri Jagannath Medical College & Hospital, Puri
Pondicherry,Sri Lakshmi Narayana Institute of Medical Sciences, Pondicherry
Pondicherry,Sri Manakula Vinayagar Medical College & Hospital, Pondicherry
Tamil Nadu,Sri Muthukumaran Medical College, Chennai
Tamil Nadu,Sri Ramachandra Medical College & Research Institute, Chennai
Karnataka,Sri siddhartha Institute of Medical Sciences & Research Centre, Bangalore
Karnataka,Sri Siddhartha Medical College, Tumkur
Tamil Nadu,Sri Venkateswaraa Medical College Hospital and Research Institute, Chennai
Pondicherry,Sri Venkateswaraa Medical College, Hospital & Research Centre, Pondicherry
Karnataka,Srinivas Institute of Medical Research Centre, Srinivasnagar, mangalore
Tamil Nadu, Srinivasan Medical College and Hospital, Samayapuram
Tamil Nadu,SRM Medical College Hospital & Research Centre, Chengalpattu
Maharashtra,SRTR Medical College, Ambajogai
Tamil Nadu,ST Peters Medical College, Hospital & Research Institute
Karnataka,St. Johns Medical College, Bangalore
Tamil Nadu,Stanley Medical College, Chennai
Karnataka,Subbaiah Institute of Medical Sciences, Shimoga, Karnataka
Uttar Pradesh,Subharti Medical College, Meerut
Madhya Pradesh,Sukh Sagar Medical College & Hospital, Jabalpur
Telangana,Surabhi Institute of Medical Sciences, Siddipet, Telangana
Gujarat,Surat Municipal Institute of Medical Education & Research, Surat
Andhra Pradesh,SVIMS - Sri Padmavathi Medical College for Women, Alipiri Road, Tirupati
Tamil Nadu, Swamy Vivekanandha Medical College Hospital And Research Institute, Thiruchengode
Maharashtra,Symbiosis Medical College for Women, Pune
Kerala,T D Medical College, Alleppey (Allappuzha)
Uttar Pradesh,T S Misra Medical College & Hospital, Amusi, Lucknow
Tamil Nadu,Tagore Medical College and Hospital, Chennai
West Benga, Tamralipto Government Medical College & Hospital,Purba Medinipu 
Uttar Pradesh,Teerthanker Mahaveer Medical College, Moradabad
Maharashtra,Terna Medical College, Navi Mumbai
Assam,Tezpur Medical College & Hospital, Tezpur
Tamil Nadu,Thanjavur Medical College, Thanjavur
Karnataka,The Oxford Medical College, Hospital & Research Centre, Bangalore
Tamil Nadu,Theni Government Medical College, Theni
Tamil Nadu,Thiruvarur Govt. Medical College, Thiruvarur
Tamil Nadu,Thoothukudi Medical College, Thoothukudi
Tamil Nadu,Tirunelveli Medical College, Tirunelveli
Arunachal Pradesh,Tomo Riba Institute of Health & Medical Sciences, Naharlagun
Maharashtra,Topiwala National Medical College, Mumbai
Kerala,Travancore Medical College, Kollam
Tamil Nadu,Trichy SRM Medical College Hospital & Research Centre, Trichy
Tripura,Tripura Medical College and Dr. B R A M Teaching Hospital, Agartala
Telangana,TRR Institute of Medical Sciences, Patancheru
Uttar Pradesh, Uma Nath Singh Autonomous State Medical College Society, Jaunpur
Uttar Pradesh,United Institute of Medical Sciences, Allahabad
Delhi,University College of Medical Sciences & GTB Hospital, New Delhi
Uttar Pradesh,Uttar Pradesh University of Medical Sciences, (Prev. UP Rural Inst.of Med.Sc&R) Etawah
Bihar,Vardhman Institute of Medical Sciences, Pawapuri, Nalanda
Delhi,Vardhman Mahavir Medical College & Safdarjung Hospital, Delhi
Uttar Pradesh,Varun Arjun Medical College, Banthra, Shahjahanpur
Maharashtra,Vedantaa Institute of Medical Sciences, Palghar, Maharashtra
Uttarakhand,Veer Chandra Singh Garhwali Govt. Medical Sc. & Research Instt, Srinagar, Pauri Garhwal
Orissa,Veer Surendra Sai Institute of Medical Sciences and Research, Burla
Tamil Nadu,Velammal Medical College Hospital and Research Institute, Madurai
Tamil Nadu, VELS Medical College & Hospital, Chennai
Uttar Pradesh,Venkateshwara Institute of Medical Sciences, Gajraula
Karnataka,Vijaynagar Institute of Medical Sciences, Bellary
Tamil Nadu,Vinayaka Missions Kirupananda Variyar Medical College, Salem
Pondicherry,Vinayaka Missions Medical College, Karaikal, Pondicherry
Andhra Pradesh,Viswabharathi Medical College, Kurnool
Karnataka,Vydehi Institute Of Medical Sciences & Research Centre, Bangalore
Haryana,World College of Medical Sciences & Researc, Jhajjar, Haryana
Karnataka,Yadgiri Institute of Medical Sciences, Yadgiri
Karnataka,Yenepoya Medical College, Mangalore
Mizoram,Zoram Medical College, Mizoram
Gujarat,Zydus Medical College & Hospital, Dahod